frame	t(s)	ink	bbox_w	bbox_h	cx	cy	y0	y1	meanL
0	0.00	0	0	0	0.0	0.0	0	0	0
1	0.03	130	10	16	273.5	240.5	233	248	45.5
2	0.07	130	10	16	273.5	240.5	233	248	45.5
3	0.10	276	12	32	274.5	248.5	233	264	41
4	0.13	357	15	41	276.0	253.0	233	273	40.3
5	0.17	357	15	41	276.0	253.0	233	273	40.3
6	0.20	534	18	60	277.5	262.5	233	292	39.7
7	0.23	631	20	71	278.5	268.0	233	303	39.6
8	0.27	631	20	71	278.5	268.0	233	303	39.6
9	0.30	829	33	82	285.0	273.5	233	314	39.5
10	0.33	937	43	82	290.0	273.5	233	314	39.1
11	0.37	937	43	82	290.0	273.5	233	314	39.1
12	0.40	1171	54	82	295.5	273.5	233	314	38.9
13	0.43	1293	54	82	295.5	273.5	233	314	38.7
14	0.47	1293	54	82	295.5	273.5	233	314	38.7
15	0.50	1550	54	82	295.5	273.5	233	314	38.4
16	0.53	1687	54	83	295.5	273.0	232	314	38.4
17	0.57	1687	54	83	295.5	273.0	232	314	38.4
18	0.60	1909	101	83	317.0	273.0	232	314	38.1
19	0.63	2058	101	83	317.0	273.0	232	314	38.1
20	0.67	2058	101	83	317.0	273.0	232	314	38.1
21	0.70	2358	101	83	317.0	273.0	232	314	37.8
22	0.73	2512	101	83	317.0	273.0	232	314	37.7
23	0.77	2512	101	83	317.0	273.0	232	314	37.7
24	0.80	2828	132	83	332.5	273.0	232	314	37.6
25	0.83	2990	132	83	332.5	273.0	232	314	37.5
26	0.87	2990	132	83	332.5	273.0	232	314	37.5
27	0.90	3333	132	83	332.5	273.0	232	314	37.7
28	0.93	3486	137	83	335.0	273.0	232	314	37.6
29	0.97	3486	137	83	335.0	273.0	232	314	37.6
30	1.00	3819	139	83	336.0	273.0	232	314	37.7
31	1.03	3993	139	83	336.0	273.0	232	314	37.5
32	1.07	3993	139	83	336.0	273.0	232	314	37.5
33	1.10	4413	158	87	345.5	275.0	232	318	37.7
34	1.13	4518	158	87	345.5	275.0	232	318	37.4
35	1.17	4518	158	87	345.5	275.0	232	318	37.4
36	1.20	4948	206	87	369.5	275.0	232	318	37.6
37	1.23	5131	206	87	369.5	275.0	232	318	37.5
38	1.27	5131	206	87	369.5	275.0	232	318	37.5
39	1.30	5496	206	88	369.5	274.5	231	318	37.5
40	1.33	5682	223	88	378.0	274.5	231	318	37.6
41	1.37	5682	223	88	378.0	274.5	231	318	37.6
42	1.40	6050	236	88	384.5	274.5	231	318	37.5
43	1.43	6238	236	88	384.5	274.5	231	318	37.6
44	1.47	6238	236	88	384.5	274.5	231	318	37.6
45	1.50	6585	272	88	402.5	274.5	231	318	37.6
46	1.53	6763	272	88	402.5	274.5	231	318	37.6
47	1.57	6763	272	88	402.5	274.5	231	318	37.6
48	1.60	7137	306	88	419.5	274.5	231	318	37.6
49	1.63	7315	311	88	422.0	274.5	231	318	37.6
50	1.67	7315	311	88	422.0	274.5	231	318	37.6
51	1.70	7655	311	88	422.0	274.5	231	318	37.6
52	1.73	7832	334	100	433.5	268.5	219	318	37.7
53	1.77	7832	334	100	433.5	268.5	219	318	37.7
54	1.80	8159	337	100	435.0	268.5	219	318	37.6
55	1.83	8321	337	100	435.0	268.5	219	318	37.6
56	1.87	8321	337	100	435.0	268.5	219	318	37.6
57	1.90	8612	337	100	435.0	268.5	219	318	37.6
58	1.93	8820	343	100	438.0	268.5	219	318	37.6
59	1.97	8820	343	100	438.0	268.5	219	318	37.6
60	2.00	9113	347	100	440.0	268.5	219	318	37.6
61	2.03	9251	349	100	441.0	268.5	219	318	37.6
62	2.07	9251	349	100	441.0	268.5	219	318	37.6
63	2.10	9581	389	100	461.0	268.5	219	318	37.7
64	2.13	9703	389	100	461.0	268.5	219	318	37.6
65	2.17	9703	389	100	461.0	268.5	219	318	37.6
66	2.20	9938	389	100	461.0	268.5	219	318	37.6
67	2.23	10047	389	100	461.0	268.5	219	318	37.5
68	2.27	10047	389	100	461.0	268.5	219	318	37.5
69	2.30	10245	411	100	472.0	268.5	219	318	37.6
70	2.33	10341	411	100	472.0	268.5	219	318	37.6
71	2.37	10341	411	100	472.0	268.5	219	318	37.6
72	2.40	10526	417	100	475.0	268.5	219	318	37.6
73	2.43	10606	424	100	478.5	268.5	219	318	37.5
74	2.47	10606	424	100	478.5	268.5	219	318	37.5
75	2.50	10809	426	100	479.5	268.5	219	318	37.6
76	2.53	10861	426	100	479.5	268.5	219	318	37.6
77	2.57	10861	426	100	479.5	268.5	219	318	37.6
78	2.60	10864	426	100	479.5	268.5	219	318	37.6
79	2.63	10864	426	100	479.5	268.5	219	318	37.6
80	2.67	10864	426	100	479.5	268.5	219	318	37.6
81	2.70	10863	426	100	479.5	268.5	219	318	37.6
82	2.73	10863	426	100	479.5	268.5	219	318	37.6
83	2.77	10863	426	100	479.5	268.5	219	318	37.6
84	2.80	10863	426	100	479.5	268.5	219	318	37.6
85	2.83	10863	426	100	479.5	268.5	219	318	37.6
86	2.87	10863	426	100	479.5	268.5	219	318	37.6
87	2.90	10863	426	100	479.5	268.5	219	318	37.6
88	2.93	10863	426	100	479.5	268.5	219	318	37.6
89	2.97	10863	426	100	479.5	268.5	219	318	37.6
90	3.00	10863	426	100	479.5	268.5	219	318	37.6
91	3.03	10863	426	100	479.5	268.5	219	318	37.6
92	3.07	10863	426	100	479.5	268.5	219	318	37.6
93	3.10	10860	426	100	479.5	268.5	219	318	37.6
94	3.13	10873	426	100	479.5	268.5	219	318	38
95	3.17	10873	426	100	479.5	268.5	219	318	38
96	3.20	10789	426	99	479.5	269.0	220	318	39.2
97	3.23	10642	427	98	479.0	268.5	220	317	39
98	3.27	10642	427	98	479.0	268.5	220	317	39
99	3.30	10118	426	92	478.5	268.5	223	314	39.2
100	3.33	9697	426	89	477.5	268.0	224	312	39.1
101	3.37	9697	426	89	477.5	268.0	224	312	39.1
102	3.40	8537	425	79	476.0	268.0	229	307	39.8
103	3.43	7795	425	71	475.0	268.0	233	303	40.4
104	3.47	7795	425	71	475.0	268.0	233	303	40.4
105	3.50	6610	424	60	473.5	267.5	238	297	40.9
106	3.53	6232	424	56	472.5	267.5	240	295	41.6
107	3.57	6232	424	56	472.5	267.5	240	295	41.6
108	3.60	5741	423	52	472.0	267.5	242	293	42.7
109	3.63	5562	424	50	471.5	267.5	243	292	42.5
110	3.67	5562	424	50	471.5	267.5	243	292	42.5
111	3.70	5470	424	50	471.5	267.5	243	292	43.3
112	3.73	5450	424	49	471.5	267.0	243	291	43.3
113	3.77	5450	424	49	471.5	267.0	243	291	43.3
114	3.80	5376	428	48	471.5	267.5	244	291	44.5
115	3.83	5339	430	47	471.5	268.0	245	291	44.3
116	3.87	5339	430	47	471.5	268.0	245	291	44.3
117	3.90	5330	430	47	471.5	268.0	245	291	44.7
118	3.93	5330	431	47	471.0	268.0	245	291	44.7
119	3.97	5330	431	47	471.0	268.0	245	291	44.7
120	4.00	5326	431	47	472.0	268.0	245	291	44.5
121	4.03	5326	431	47	472.0	268.0	245	291	44.5
122	4.07	5326	431	47	472.0	268.0	245	291	44.5
123	4.10	5326	431	47	472.0	268.0	245	291	44.5
124	4.13	5326	431	47	472.0	268.0	245	291	44.5
125	4.17	5326	431	47	472.0	268.0	245	291	44.5
126	4.20	10050	424	50	471.5	267.5	243	292	61.3
127	4.23	9964	424	49	471.5	267.0	243	291	63.8
128	4.27	9964	424	49	471.5	267.0	243	291	63.8
129	4.30	9680	422	50	471.5	267.5	243	292	69.8
130	4.33	9330	422	51	471.5	268.0	243	293	71.4
131	4.37	9330	422	51	471.5	268.0	243	293	71.4
132	4.40	8078	418	54	470.5	268.5	242	295	63.5
133	4.43	7955	417	54	470.0	268.5	242	295	63.5
134	4.47	7955	417	54	470.0	268.5	242	295	63.5
135	4.50	7831	417	55	470.0	269.0	242	296	63.2
136	4.53	7861	417	54	470.0	268.5	242	295	63.1
137	4.57	7861	417	54	470.0	268.5	242	295	63.1
138	4.60	8245	418	52	470.5	268.5	243	294	63.4
139	4.63	8562	421	50	471.0	267.5	243	292	63.1
140	4.67	8562	421	50	471.0	267.5	243	292	63.1
141	4.70	9551	426	54	472.5	265.5	239	292	61.9
142	4.73	10248	430	68	474.5	264.5	231	298	61
143	4.77	10248	430	68	474.5	264.5	231	298	61
144	4.80	12013	436	103	481.5	265.0	214	316	58.1
145	4.83	13061	438	121	486.5	266.0	206	326	56.2
146	4.87	13061	438	121	486.5	266.0	206	326	56.2
147	4.90	15085	441	138	501.0	269.5	201	338	52.7
148	4.93	15783	441	137	508.0	271.0	203	339	51.4
149	4.97	15783	441	137	508.0	271.0	203	339	51.4
150	5.00	16830	441	125	517.0	273.0	211	335	50.8
151	5.03	17219	441	118	521.0	273.5	215	332	51
152	5.07	17219	441	118	521.0	273.5	215	332	51
153	5.10	17684	440	114	525.5	268.5	212	325	51.2
154	5.13	17808	440	113	526.5	267.0	211	323	51.2
155	5.17	17808	440	113	526.5	267.0	211	323	51.2
156	5.20	17940	440	114	527.5	265.5	209	322	51.3
157	5.23	17910	440	114	527.5	265.5	209	322	51.3
158	5.27	17910	440	114	527.5	265.5	209	322	51.3
159	5.30	17782	440	114	526.5	267.5	211	324	51.2
160	5.33	17695	440	114	525.5	268.5	212	325	51.1
161	5.37	17695	440	114	525.5	268.5	212	325	51.1
162	5.40	17492	440	114	523.5	271.5	215	328	50.9
163	5.43	17433	441	114	523.0	272.5	216	329	51.1
164	5.47	17433	441	114	523.0	272.5	216	329	51.1
165	5.50	17281	440	116	521.5	273.5	216	331	50.9
166	5.53	17270	440	116	521.5	273.5	216	331	50.9
167	5.57	17270	440	116	521.5	273.5	216	331	50.9
168	5.60	17304	441	117	522.0	273.0	215	331	50.9
169	5.63	17340	441	117	522.0	273.0	215	331	50.9
170	5.67	17340	441	117	522.0	273.0	215	331	50.9
171	5.70	17391	441	118	522.0	273.5	215	332	50.8
172	5.73	17427	441	118	522.0	273.5	215	332	50.8
173	5.77	17427	441	118	522.0	273.5	215	332	50.8
174	5.80	17471	441	118	523.0	273.5	215	332	50.7
175	5.83	17503	441	118	523.0	273.5	215	332	50.7
176	5.87	17503	441	118	523.0	273.5	215	332	50.7
177	5.90	17567	442	119	523.5	274.0	215	333	50.7
178	5.93	17592	442	119	523.5	274.0	215	333	50.6
179	5.97	17592	442	119	523.5	274.0	215	333	50.6
180	6.00	17680	442	119	523.5	274.0	215	333	50.7
181	6.03	17712	441	120	524.0	274.5	215	334	50.7
182	6.07	17712	441	120	524.0	274.5	215	334	50.7
183	6.10	17784	442	120	524.5	274.5	215	334	50.6
184	6.13	17803	442	121	524.5	274.0	214	334	50.6
185	6.17	17803	442	121	524.5	274.0	214	334	50.6
186	6.20	17859	443	122	525.0	274.5	214	335	50.5
187	6.23	17891	443	122	525.0	274.5	214	335	50.4
188	6.27	17891	443	122	525.0	274.5	214	335	50.4
189	6.30	17957	442	122	525.5	274.5	214	335	50.4
190	6.33	17996	442	122	525.5	274.5	214	335	50.4
191	6.37	17996	442	122	525.5	274.5	214	335	50.4
192	6.40	18082	443	123	526.0	275.0	214	336	50.5
193	6.43	18094	443	123	526.0	275.0	214	336	50.4
194	6.47	18094	443	123	526.0	275.0	214	336	50.4
195	6.50	18192	444	123	526.5	275.0	214	336	50.5
196	6.53	18231	443	123	527.0	275.0	214	336	50.5
197	6.57	18231	443	123	527.0	275.0	214	336	50.5
198	6.60	18301	443	124	527.0	275.5	214	337	50.4
199	6.63	18331	443	124	527.0	275.5	214	337	50.4
200	6.67	18331	443	124	527.0	275.5	214	337	50.4
201	6.70	18373	444	125	527.5	275.0	213	337	50.3
202	6.73	18407	444	126	527.5	275.5	213	338	50.3
203	6.77	18407	444	126	527.5	275.5	213	338	50.3
204	6.80	18486	444	126	528.5	275.5	213	338	50.2
205	6.83	18523	444	126	528.5	275.5	213	338	50.3
206	6.87	18523	444	126	528.5	275.5	213	338	50.3
207	6.90	18573	444	127	528.5	276.0	213	339	50.1
208	6.93	18625	444	127	528.5	276.0	213	339	50.2
209	6.97	18625	444	127	528.5	276.0	213	339	50.2
210	7.00	18705	444	127	529.5	276.0	213	339	50.2
211	7.03	18735	444	128	529.5	276.5	213	340	50.2
212	7.07	18735	444	128	529.5	276.5	213	340	50.2
213	7.10	18816	444	128	529.5	276.5	213	340	50.2
214	7.13	18854	445	128	530.0	276.5	213	340	50.1
215	7.17	18854	445	128	530.0	276.5	213	340	50.1
216	7.20	18918	445	130	530.0	276.5	212	341	50.1
217	7.23	18938	444	130	530.5	276.5	212	341	50
218	7.27	18938	444	130	530.5	276.5	212	341	50
219	7.30	19019	445	130	531.0	276.5	212	341	50
220	7.33	19028	445	130	531.0	276.5	212	341	49.8
221	7.37	19028	445	130	531.0	276.5	212	341	49.8
222	7.40	19125	446	131	531.5	277.0	212	342	49.9
223	7.43	19151	445	131	532.0	277.0	212	342	49.8
224	7.47	19151	445	131	532.0	277.0	212	342	49.8
225	7.50	19228	445	132	532.0	277.5	212	343	49.9
226	7.53	19262	445	132	532.0	277.5	212	343	49.8
227	7.57	19262	445	132	532.0	277.5	212	343	49.8
228	7.60	19332	446	132	532.5	277.5	212	343	49.7
229	7.63	19365	446	132	532.5	277.5	212	343	49.7
230	7.67	19365	446	132	532.5	277.5	212	343	49.7
231	7.70	19462	446	134	533.5	277.5	211	344	49.8
232	7.73	19520	446	134	533.5	277.5	211	344	49.8
233	7.77	19520	446	134	533.5	277.5	211	344	49.8
234	7.80	19576	446	135	533.5	278.0	211	345	49.8
235	7.83	19618	446	135	533.5	278.0	211	345	49.8
236	7.87	19618	446	135	533.5	278.0	211	345	49.8
237	7.90	19685	446	135	534.5	278.0	211	345	49.7
238	7.93	19707	446	135	534.5	278.0	211	345	49.6
239	7.97	19707	446	135	534.5	278.0	211	345	49.6
240	8.00	19761	446	136	534.5	278.5	211	346	49.5
241	8.03	19783	446	136	534.5	278.5	211	346	49.5
242	8.07	19783	446	136	534.5	278.5	211	346	49.5
243	8.10	19869	447	136	535.0	278.5	211	346	49.6
244	8.13	19876	446	136	535.5	278.5	211	346	49.5
245	8.17	19876	446	136	535.5	278.5	211	346	49.5
246	8.20	19931	446	137	535.5	279.0	211	347	49.5
247	8.23	19953	446	137	535.5	279.0	211	347	49.6
248	8.27	19953	446	137	535.5	279.0	211	347	49.6
249	8.30	19972	446	137	535.5	279.0	211	347	49.4
250	8.33	19986	447	137	536.0	279.0	211	347	49.4
251	8.37	19986	447	137	536.0	279.0	211	347	49.4
252	8.40	20023	447	137	536.0	279.0	211	347	49.4
253	8.43	20033	447	137	536.0	279.0	211	347	49.4
254	8.47	20033	447	137	536.0	279.0	211	347	49.4
255	8.50	20073	447	138	536.0	278.5	210	347	49.5
256	8.53	20082	447	139	536.0	279.0	210	348	49.5
257	8.57	20082	447	139	536.0	279.0	210	348	49.5
258	8.60	20093	447	138	536.0	278.5	210	347	49.5
259	8.63	20091	446	139	536.5	279.0	210	348	49.4
260	8.67	20091	446	139	536.5	279.0	210	348	49.4
261	8.70	20087	446	139	536.5	279.0	210	348	49.4
262	8.73	20094	446	139	536.5	279.0	210	348	49.4
263	8.77	20094	446	139	536.5	279.0	210	348	49.4
264	8.80	20122	446	139	536.5	279.0	210	348	49.5
265	8.83	20149	447	139	536.0	279.0	210	348	49.7
266	8.87	20149	447	139	536.0	279.0	210	348	49.7
267	8.90	20205	447	139	536.0	279.0	210	348	49.9
268	8.93	20225	448	139	536.5	279.0	210	348	49.9
269	8.97	20225	448	139	536.5	279.0	210	348	49.9
270	9.00	20257	448	139	536.5	279.0	210	348	49.9
271	9.03	20283	448	139	536.5	279.0	210	348	50
272	9.07	20283	448	139	536.5	279.0	210	348	50
273	9.10	20333	448	139	536.5	279.0	210	348	50.1
274	9.13	20339	448	139	536.5	279.0	210	348	50
275	9.17	20339	448	139	536.5	279.0	210	348	50
276	9.20	20370	449	139	536.0	279.0	210	348	50
277	9.23	20383	449	139	536.0	279.0	210	348	50
278	9.27	20383	449	139	536.0	279.0	210	348	50
279	9.30	20401	450	139	536.5	279.0	210	348	50
280	9.33	20425	450	139	536.5	279.0	210	348	50
281	9.37	20425	450	139	536.5	279.0	210	348	50
282	9.40	20447	450	139	536.5	279.0	210	348	49.9
283	9.43	20468	450	139	536.5	279.0	210	348	50
284	9.47	20468	450	139	536.5	279.0	210	348	50
285	9.50	20500	450	139	536.5	279.0	210	348	50
286	9.53	20516	450	139	536.5	279.0	210	348	50
287	9.57	20516	450	139	536.5	279.0	210	348	50
288	9.60	20553	451	139	536.0	279.0	210	348	50
